id,nome,preco,codigo,por_peso,codigo_id,vendido
13,"AMENDOA 100 GR UNI.",7,7890000003148,0,314,1
14,"AMENDOIM GRELHADITOS 27GR",1,7896336012250,0,90784,1
15,"AMENDOIM MENDORATO 27GR",1,7896336012243,0,90783,1
20,"ARROZ DOCE",4,7890000003155,0,315,1
25,"B LACTEA  CHOCOMIL BLACK  LT 500ML",6,7896590817424,0,90773,1
26,"BALA BUTTER TOFFEES CHOC. AMARGO",0,7890000000208,0,20,1
27,"BALA BUTTER TOFFEES CHOCOLATE",0,7890000000697,0,69,1
28,"BALA BUTTER TOFFEES MENTA/ MINT",0,7890000000673,0,67,1
29,"BALA BUTTER TOFFEES TORTA DE LIMAO",0,7890000000680,0,68,1
30,"BALA CAFE SOBREANA",0,7890000000642,0,64,1
31,"BALA CANELA",0,7890000000376,0,37,1
32,"BALA CHITA",0,7890000000116,0,11,1
33,"BALA DROPS HALLS EXTRA FORTE 21 UNID",2,7890000006453,0,645,1
34,"BALA DROPS HALLS MELANCIA 21 UNID",2,7890000006460,0,646,1
35,"BALA DROPS HALLS MORANGO 21 UNID",2,7890000006477,0,647,1
36,"BALA GOMA DORI",1,7896058506105,0,44,1
37,"BALA HALLS CEREJA",2,78938793,0,75,1
38,"BALA HALLS EXTRA FORTE",2,78938816,0,71,1
39,"BALA HALLS MELANCIA",2,78938854,0,73,1
40,"BALA HALLS MENTA",2,78938830,0,74,1
41,"BALA HALLS MENTOL",2,78938823,0,72,1
42,"BALA HALLS MORANGO",2,78938847,0,41,1
43,"BALA HALLS UVA VERDE",2,78938861,0,70,1
44,"BALA HORTELA",0,7890000000383,0,38,1
45,"BALA ICE KISS SORTIDAS",0,7890000000437,0,43,1
46,"BALA LILITH",0,7890000000109,0,10,1
47,"BALA PACOQUITA",0,7890000000352,0,35,1
48,"BALA SANTA RITA SORTIDAS",0,7890000000659,0,65,1
53,"BANOFFEE UNID.",4,7890000005562,0,556,1
54,BARQUETE,39,7890000907705,1,90770,1
62,"BATATA EM FLOCOS NUTRICIONAL 1 KG",0,7890000001212,0,121,1
66,"BATATA RECHEADA CALABRESA C/ALHO PORO",9,7890000003988,0,398,1
67,"BATATA RECHEADA FRANGO",9,7890000003995,0,399,1
68,BATON,1,78912359,0,18,1
69,"BATON BRANCO",1,78912366,0,19,1
70,"BEBIDA LACTEA CHOC 200ML CHOCOMIL",1,7896590802123,0,658,1
71,"BEBIDA LACTEA CHOC 200ML TREVINHO KIDS",1,7896791970867,0,90853,1
72,"BEBIDA LACTEA CHOCOMIL 1L CEMIL",7,7896590801263,0,660,1
73,"BEBIDA LACTEA FRUTAS 1L VITAMIL",7,7896590801225,0,661,1
74,"BEBIDA LACTEA FRUTAS 200ML VITAMIL",1,7896590809023,0,659,1
75,"BEIJINHO UNID.",0,7890000005548,0,554,1
76,"BIG BIG 315GR MORANGO",0,7890000005487,0,548,1
77,"BIG BIG 315GR UVA",0,7890000005494,0,549,1
78,"BISCOITO COM QUEIJO TORRADINHO TESOURO DE MINAS",8,7898245010303,0,763,1
79,"BISCOITO DE AMENDOIM TESOURO DE MINAS",9,7898245010525,0,597,1
80,"BISCOITO DE QUEIJO FERRADURA KG",29,7890000007528,1,752,1
81,"BISCOITO ESCALDADO KG",32,7890000908405,1,90840,1
82,"BISCOITO ESCALDADO TESOURO DE MINAS",8,7898245010426,0,762,1
83,"BISCOITO FRITO  UNID.",3,7890000001601,0,160,1
84,"BISCOITO FRITO DOCE",3,7890000005319,0,531,1
85,"BISCOITO PAPA OVO TESOURO DE MINAS",8,7898245010129,0,761,1
86,"BISCOITO TORRADINHO C/QUEIJO",32,7890000003858,1,385,1
87,"BOLACHA MAIZENA TRADICIONAL 170GR",4,7896058259094,0,474,1
88,"BOLACHA RECH. AYMORE 120GR CHOCOLATE",3,7896058255065,0,542,1
89,"BOLACHA RECH. AYMORE 120GR MORANGO",3,7896058255041,0,543,1
90,"BOLACHA RECH. TORTINE 90GR CHOCOLATE",3,7896058257618,0,90804,1
91,"BOLACHA SALPET 200GR",5,7896058217889,0,90788,1
92,"BOLACHINHA COM QUEIJO E GOIABADA UNID.",2,7890000007665,0,766,1
93,"BOLACHINHA DE NATA UNID.",4,7890000007658,0,765,1
94,"BOLINHA DE QUEIJO KG",32,7890000001298,1,129,1
95,"BOLINHA DE QUEIJO KG CRU",28,7890000003674,1,367,1
96,"BOLINHA PIZZA KG",32,7890000001274,1,127,1
97,"BOLINHA PIZZA KG CRU",28,7890000003667,1,366,1
98,"BOLINHO DE TILAPIA 20 GR",39,7890000907750,1,90775,1
99,"BOLO BRIGADEIRO",10,7890000908450,0,90845,1
100,"BOLO BRIGADEIRO UNID.",10,7890000004305,0,430,1
101,"BOLO CACAROLA",11,7890000908412,0,90841,1
102,"BOLO CACAROLA UNIDADE",11,7890000003797,0,379,1
103,"BOLO CENOURA C/CHOC. UNID.",16,7890000004312,0,431,1
104,"BOLO COCADA",16,7890000907897,0,90789,1
105,"BOLO COCO ESPECIAL",16,7890000003810,0,381,1
106,"BOLO DE BANANA PEDACO",6,7890000004862,0,486,1
107,"BOLO DE CENOURA (TABULEIRO)",85,7890000907781,0,90778,1
108,"BOLO DE CENOURA PEDACO",4,7890000907453,0,90745,1
109,"BOLO DE FUBA",16,7890000004329,0,432,1
110,"BOLO DE FUBA PEDACO UNID.",3,7890000004275,0,427,1
111,"BOLO DE MILHO",16,7890000907729,0,90772,1
112,"BOLO FARINHA DE MILHO",16,7890000003827,0,382,1
113,"BOLO GELADO DE COCO PEDACO",5,7890000004923,0,492,1
114,"BOLO GELADO DE PRESTIGIO PEDACO",5,7890000004916,0,491,1
115,"BOLO INDIANO FATIA",7,7890000907439,0,90743,1
116,"BOLO INTEIRO/TORTA",59,7890000005210,1,521,1
117,"BOLO NO POTE",8,7890000003834,0,383,1
118,"BOLO PACOCA",16,7890000003803,0,380,1
119,"BOLO PRESTIGIO PEDACO",8,7890000908344,0,90834,1
120,"BOLO SABORES VARIADOS",16,7890000908146,0,90814,1
121,"BOLO VULCAO LIMAO",13,7890000907712,0,90771,1
122,"BOMBOM BONOBON BEIJINHO",1,78931251,0,90785,1
123,"BOMBOM BONOBON CHOC. AMARGO",1,7890000907866,0,90786,1
124,"BOMBOM GAROTO SERENATA DE AMOR 825 GR",0,7890000006507,0,650,1
125,"BOMBOM NO POTE DE MORANGO",8,7890000004565,0,456,1
126,"BOMBOM OURO BRANCO",1,78939318,0,6,1
127,"BOMBOM SERENETA DE AMOR",1,7891008414127,0,8,1
128,"BOMBOM SONHO DE VALSA",1,78939301,0,7,1
129,"BRIGADEIRO BRANCO UNID.",1,7890000005500,0,550,1
130,"BRIGADEIRO GRANDE UNID.",3,7890000908368,0,90836,1
131,"BRIGADEIRO UNID.",1,7890000003100,0,310,1
132,"BROA DE FUBA KG",29,7890000004855,1,485,1
133,"BROA DE FUBA UNID.",2,7890000907767,0,90776,1
134,"BROWNIE DE CHOCOLATE",7,7890000005265,0,526,1
135,"BUTTER TOFFE 500GR MARACUJA",0,7890000005463,0,546,1
136,"CACAROLA FRANCESA COCO UNIDADE",8,7890000003735,0,373,1
137,"CACAROLA ITALIANA CALDA UNIDADE",8,7890000003179,0,317,1
138,"CACHORRO QUENTE",8,7890000007436,0,743,1
139,"CAFE C/ LEITE",2,7890000005845,0,584,1
140,"CAFE DAS GERAIS 250 GR TORRADO E MOIDO",10,7898132670047,0,168,1
141,"CAFE EXTRA FORTE DAS GERAIS 500 GR TORRADO E MOIDO",26,7890000001670,0,167,1
142,"CAFE S/ ACUCAR",1,7890000003162,0,316,1
143,"CAJUZINHO GRANDE",3,7890000908429,0,90842,1
144,"CAJUZINHO RECHEADO DOCE DE LEITE",2,7890000005722,0,572,1
145,"CAJUZINHO UNID. PQ",1,7890000003117,0,311,1
150,CANOLE,7,7890000908177,0,90817,1
155,"CAROLINA KG",29,7890000007641,1,764,1
156,CARVAO,15,7898216750313,0,638,1
158,CATAVENTO,3,7898656683264,0,12,1
159,"CATAVENTO OCULOS",4,7890000005593,0,559,1
161,"CENTO DE DOCES",80,7890000005197,0,519,1
162,"CENTO MINI PIZZA",100,7890000003520,0,352,1
163,"CENTO SALGADOS VARIADOS",85,7890000004022,0,402,1
164,"CENTO SALGADOS VARIADOS CRU",85,7890000004893,0,489,1
165,"CENTO SALGADOS VARIADOS CRU PRECO ANTIGO",70,7890000907491,0,90749,1
166,"CENTO SALGADOS VARIADOS.",85,7890000907484,0,90748,1
169,"CERVEJA ANTARCTICA PILSEN LT 473ML",5,7891991009164,0,90781,1
170,"CERVEJA ANTARCTICA SUBZERO LT 473ML",5,7891991010153,0,90779,1
171,"CERVEJA BRAHMA CHOPP  LT 473ML",5,7891149011001,0,90780,1
172,"CERVEJA BRAHMA DUPLO MALTE LT 473ML",6,7891991298827,0,90835,1
173,"CERVEJA SKOL LT 473ML",5,7891149201006,0,90782,1
176,"CHIC. BABA DA BRUXA",0,7890000000475,0,47,1
177,"CHIC. CABECA DE ABOBORA",0,7890000000451,0,45,1
178,"CHICLE BBIG BIGAO T. FRUTTI",2,7891118026081,0,90787,1
179,"CHICLE BUBBALOO HORTELA",0,7890000908184,0,90818,1
180,"CHICLE BUBBALOO MORANGO",0,7890000908191,0,90819,1
181,"CHICLE BUZZY C/100 LOL TUTTI FRUT",0,7890000006897,0,689,1
182,"CHICLE BUZZY C/100 LUCAS NETO HORTELA",0,7890000006903,0,690,1
183,"CHICLE HAPPY BOL 140GR PINT LINGUA TUT",0,7890000006927,0,692,1
184,"CHICLE HAPPY BOL 140GR PINT LINGUA TUT1",0,7890000006910,0,691,1
185,"CHICLE PLUT 337GR ZUMBISS",1,7891118013838,0,547,1
186,"CHICLE POOSH 200GR UVA",0,78928015,0,604,1
187,"CHICLE POOSH HORTELA",0,7890000000826,0,82,1
188,"CHICLE POOSH TUTTI FRUTTI",0,7890000000390,0,39,1
189,"CHICLE POOSH UVA",0,7890000000819,0,81,1
190,"CHICLE ZONE FRAMBOESA",0,7896043359266,0,63,1
191,"CHICLE ZONE MORANGO",0,7896043352595,0,80,1
192,"CHICLETE ADAMS HORTELA CAIXINHA 2,8G CX C/100",0,78932609,0,452,1
193,"CHICLETE BUZZY TATTOO HORTELA 100 UND",7,7890000005067,0,506,1
194,"CHICLETE BUZZY TRIBAL BARBIE TUTTI FRUTTI",0,7890000000833,0,83,1
195,"CHICLETE BUZZY TRIBAL LUCAS NETO TUTTI FRUTTI",0,7890000000505,0,50,1
196,"CHICLETE PLUT. ATOMIC MIST 22GR",1,7891118012619,0,49,1
197,"CHICLETE PLUT. ZUMBIS 22,5GR",1,7890000000581,0,58,1
198,"CHICLETE POOSH HORTELA 200 GR",0,78927995,0,505,1
199,"CHICLETE POOSH TUTTI FRUTTI 200 GR",0,78927988,0,504,1
200,"CHICLETE TRIDENT HORTELA 21/40 GR",2,7890000006422,0,642,1
201,"CHICLETE TRIDENT MELANCIA 21/40 GR",2,7890000006446,0,644,1
202,"CHICLETE TRIDENT MENTA 21/40 GR",2,7890000006439,0,643,1
203,"CHOC TRENTO CHOCOLATE 16/32 GR",2,7890000006750,0,675,1
204,"CHOC. CARIBE",3,7891008121193,0,53,1
205,"CHOC. DIAMANTE NEGRO 34GR",4,7622210573322,0,4,1
206,"CHOC. KIT KAT AO LEITE 41,5GR",4,7891000248768,0,48,1
207,"CHOC. KIT KAT DARK 41,5GR",4,7891000248829,0,79,1
208,"CHOC. LAKA 20GR",2,7622300862442,0,78,1
209,"CHOC. LAKA 34GR",4,7622210573353,0,90825,1
210,"CHOC. LAKA OREO",2,7622210641939,0,3,1
211,"CHOC. PRESTIGIO",2,7891000460207,0,2,1
212,"CHOC. SENSACAO",3,7891000405000,0,36,1
213,"CHOC. SNICKERS CARAMELO",3,7896423420180,0,57,1
214,"CHOC. TRENTO AVELA 32G",2,7896306612831,0,90,1
215,"CHOC. TRENTO BRANCO DARK 32G",2,7896306616389,0,91,1
216,"CHOC. TRENTO CHEESECAKE DE MORANGO 32G",2,7890000000840,0,84,1
217,"CHOC. TRENTO CHOCOLATE 32G",2,7896306612817,0,89,1
218,"CHOC. TRENTO CREME 32G",2,7896306612824,0,86,1
219,"CHOC. TRENTO DARK 32G",2,7896306617492,0,87,1
220,"CHOC. TRENTO DUO 32G",2,7896306623448,0,52,1
221,"CHOC. TRENTO MORANGO 32G",2,7896306623158,0,92,1
222,"CHOC. TRENTO MOUSSE DE MARACUJA 32G",2,7896306619434,0,85,1
223,"CHOC. TRENTO TORTA DE LIMAO 32G",2,7896306618291,0,88,1
226,"CHOCOBOL UNID.",0,7890000005555,0,555,1
229,"CHOCOLATE LACTA 5 STAR",3,7622210411501,0,59,1
230,"CHOCOLATE MINI TALENTO AMENDOAS E PASSAS",3,78907492,0,34,1
231,"CHOCOLATE MINI TALENTO CEREAIS E PASSAS",3,78907485,0,33,1
232,"CHOCOLATE MINI TALENTO MEIO AMARGO AMENDOAS",3,78907355,0,14,1
233,"CHOCOLATE MOCA",3,7891000405703,0,40,1
234,CHOKITO,2,7891000462300,0,1,1
235,"CHUP CHUP",2,7890000907774,0,90777,1
236,"CHUP CHUP GURMERT",6,7890000908467,0,90846,1
237,"CHURROS DOCE DE LEITE 24GR",32,7890000001243,1,124,1
238,"CHURROS DOCE DE LEITE 24GR CRU",28,7890000003698,1,369,1
239,"CHURROS GRANDE UNID.",2,7890000006019,0,601,1
240,"1 CEDA ZOMO",6,78420274,0,621,1
241,"1 CEDA ZOMO PICADO",1,7890000006224,0,622,1
242,"1 DE PALHA BIRO BIRO",13,7898955421123,0,608,1
243,"1 DE PALHA BIRO BIRO PICADO",1,7890000006170,0,617,1
244,"1 PAIOL CASEIRO",7,7890000006200,0,620,1
245,"1 PAIOL CASEIRO PICADO",1,7890000006101,0,610,1
246,"1 PAIOL CRISTAL",13,7895544236984,0,609,1
247,"1 PAIOL CRISTAL PICADO",1,7890000006194,0,619,1
248,"1 PALHA GOUVEA",9,7890000006132,0,613,1
249,"1 PALHA GOUVEA PICADO",1,7890000006187,0,618,1
250,"1 PALHA PAIOL DO BANANA",9,0,0,90720,1
251,"1 PALHA PAIOL DO BANANA PICADO",1,7890000907217,0,90721,1
252,"1 S. MARINO AZUL",6,78935167,0,611,1
253,"1 S. MARINO AZUL PICADO",1,7890000006156,0,615,1
254,"1 S. MARINO VERMELHO",6,78940246,0,614,1
255,"1 S. MARINO VERMELHO PICADO",1,7890000006163,0,616,1
260,"COCA COCA 600ML",7,7894900011609,0,335,1
261,"COCA COLA 200ML",2,7890000004121,0,412,1
262,"COCA COLA CAFE ESPRESSO LT 220ML",2,7894900025019,0,328,1
263,"COCA COLA LT12 350ML FL",5,7894900010015,0,346,1
264,"COCA COLA ORIGINAL PET 2L",12,7894900027013,0,325,1
265,"COCA COLA SEM ACUCAR  600ML",7,7894900701609,0,336,1
266,"COCA COLA SEM ACUCAR 200ML",2,78933873,0,411,1
267,"COCA COLA SEM ACUCAR 350ML",5,7894900700015,0,347,1
268,"COCA COLA SEM ACUCAR PET 2L",12,7894900701517,0,326,1
269,"COCA-COLA PET 200ML 12U MAINLINE",2,78908901,0,574,1
270,COCADA,3,7890000004909,0,490,1
275,"COLORETI RALLOWEEN",2,7896383000880,0,90807,1
282,"CONFEITARIA SECA KG",39,7890000908474,1,90847,1
285,"COPO DA FELICIDADE",8,7890000003841,0,384,1
295,COXA/SOBRECOXA,7,7890000907644,0,90764,1
296,"COXA/SOBRECOXA DE FRANGO ( 4 UNIDADES )",28,7890000907651,0,90765,1
297,"COXA/SOBRECOXA DE FRANGO ( 4 UNIDADES )+ KUAT 2L",35,7890000907668,0,90766,1
298,"COXINHA 28 GR",32,7890000003568,1,356,1
299,"COXINHA 28 GR CRU",22,7890000003629,1,362,1
300,"COXINHA C/CATUPIRY UNIDADE",4,7890000002660,0,266,1
301,"COXINHA C/CATUPIRY UNIDADE CRU",3,7890000004282,0,428,1
302,"COXINHA UNIDADE",4,7890000002653,0,265,1
303,"COXINHA UNIDADE CRU",3,7890000004299,0,429,1
307,"CROISSANT DE FRANGO",39,7890000005302,1,530,1
308,"CROQUETE CALABRESA CRU",28,7890000003612,1,361,1
309,"CROQUETE CALABRESA KG",32,7890000001557,1,155,1
310,"CROQUETE CARNE",32,7890000001540,1,154,1
311,"CROQUETE CARNE CRU KG",28,7890000003575,1,357,1
312,"CRYSTAL 500ML COM GAS",3,7894900531008,0,344,1
313,"CRYSTAL 500ML SEM GAS 12UN CP",3,7894900530001,0,345,1
314,CUPCAKE,4,7890000003131,0,313,1
315,"CX BOMBOM GAROTO",15,7891008116632,0,5,1
316,"DEL VALLE GOIABA LT 290ML",5,7894900660265,0,670,1
317,"DEL VALLE MARACUJA LT 290ML",5,7894900660302,0,669,1
318,"DEL VALLE PESSEGO LT 290ML",5,7894900660319,0,329,1
319,"DEL VALLE UVA LT 290ML",5,7894900660333,0,330,1
323,"DOCE CASQUINHA DE LARANJA DELICIAS DA ELO",15,7890000908627,0,90862,1
324,"DOCE CASQUINHA DE LIMAO DELICIAS DA ELO",15,7890000908610,0,90861,1
325,"DOCE COCADA CREMOSA 200G DELICIAS DA ELO",17,7890000908603,0,90860,1
326,"DOCE DE LEITE C MARACUJA 200G DELICIAS DA ELO",16,7890000908597,0,90859,1
327,"DOCE DE LEITE C MORANGO200G DELICIAS DA ELO",16,7890000908566,0,90856,1
329,"DOCE DE LEITE COM COCO PEDACO  DELICIAS DA ELO",18,7890000908641,0,90864,1
330,"DOCE DE LEITE PEDACO TRADICIONAL DELICIAS DA ELO",18,7890000908634,0,90863,1
333,"DOCE PE DE MOCA UNID.",2,7890000005739,0,573,1
334,"DOCILE MORANGO",1,7896451912497,0,90839,1
335,"DOCILE MORANGO ACIDO",1,7896451912503,0,90838,1
336,"DOCILE UNI",1,7896451913586,0,90837,1
337,"DONUTS UNID.",5,7890000004015,0,401,1
338,"DROPS HALLS",0,7890000007283,0,728,1
339,"DUCREM 10GR",1,78954731,0,90806,1
340,"DUCREM SMILE",1,7890000007177,0,717,1
341,"EISENBAHN LT 473ML 12U PILSEN",7,7898367983356,0,90719,1
342,"EMPADA FRANGO C/CATUPIRY UN.",4,7890000002684,0,268,1
343,"EMPADA FRANGO C/CATUPIRY UN. CRU",3,7890000004190,0,419,1
344,"EMPADA FRANGO KILO",32,7890000002677,1,267,1
345,"EMPADA FRANGO KILO CRU",26,7890000003650,1,365,1
346,"EMPADA FRANGO UN.",4,7890000003193,0,319,1
347,"EMPADA FRANGO UN. CRU",3,7890000004206,0,420,1
348,"EMPADA QUEIJO UN.",4,7890000006033,0,603,1
350,"ENROLADO DE PRESUNTO E MUSS. UNID.",4,7890000001311,0,131,1
351,"ENROLADO DE PRESUNTO E MUSS. UNID. CRU",3,7890000004220,0,422,1
352,"ENROLADO DE SALSICHA UNID.",4,7890000001304,0,130,1
353,"ENROLADO DE SALSICHA UNID. CRU",3,7890000004213,0,421,1
354,"ESCONDIDINHO DE CARNE",9,7890000004107,0,410,1
355,"ESFIRRA ABERTA UNID.",4,7890000005579,0,557,1
356,"ESFIRRA UNID.",5,7890000005715,0,571,1
357,ESPETINHO,5,7890000005807,0,580,1
358,"ESPETINHO DE FRANGO",7,7890000907620,0,90762,1
362,"FANTA GUARANA LATA 350ML",5,7894900093001,0,349,1
363,"FANTA GUARANA PET 200ML 12U MAINLINE",2,78937765,0,90752,1
364,"FANTA LARANJA 2L",12,7894900031515,0,327,1
365,"FANTA LARANJA 350 ML",5,7894900030013,0,348,1
366,"FANTA LARANJA 600ML",7,7894900031607,0,337,1
367,"FANTA LARANJA PET 200ML 12U MAINLINE",2,78936478,0,90751,1
368,"FANTA UVA  350 ML",5,7890000004602,0,460,1
369,"FANTA UVA 600ML",7,7894900053630,0,338,1
370,"FANTA UVA LT 350 ML",5,7894900050011,0,641,1
372,"FARINHA DE PAO",8,7890000007382,1,738,1
376,"FATIA TORTA NINHO COM CHOCOLATE",8,7890000004497,0,449,1
382,"FINI TUBES MORANGO E LARANJA",1,7898591454561,0,77,1
383,"FINI TUBES MORANGO E NATA",1,7890000000543,0,54,1
384,"FINI TUBES TUTTI FRUTTI 15G 12",1,7898591459474,0,667,1
385,"FINI TUBES UVA",1,7898591455643,0,76,1
394,"FOLHA DE 1 ZOMO",2,7890000006064,0,606,1
400,"FRANGO ASSADO",37,7890000005241,0,524,1
401,"FRANGO ASSADO + GUARAPAN 2L",45,7890000907675,0,90767,1
414,"GARRAFA DE CAFE",12,7890000007139,0,713,1
416,"GELADINHO GEL FRUTA",0,7890000005609,0,560,1
417,"GELADINHO GEL FRUTAS",0,7890000000154,0,15,1
419,"GELO EM CUBOS 4KG",9,7890000907576,0,90757,1
420,"GELO EM CUBOS 4KG ( REVENDA )",6,7890000907583,0,90758,1
429,"GUARANA ANTARCTICA 200ML",2,7891991014908,0,90829,1
430,"GUARANA ANTARCTICA LATA 350ML",4,7891991000826,0,90830,1
431,"GUARANA ANTARCTICA PET 2L",11,7891991001342,0,90828,1
432,"GUARANA KUAT 2L",10,7894900911510,0,494,1
433,"GUARAPAN 2L",10,7894900951516,0,668,1
434,"HAMBURGUE ARTESANAL",14,7890000004503,0,450,1
436,"HAMBURGUETE UNID.",6,7890000004046,0,404,1
437,"HAMBURGUETE UNID. CRU",3,7890000004787,0,478,1
439,"HOT DOG ABERTO MARMITA",9,7890000003964,0,396,1
440,"HOT DOG PAULISTA UND.",5,7890000003902,0,390,1
441,"HOT DOG PAULISTA UND. CRU",3,7890000007535,0,753,1
442,"I9 MARACUJA 500ML",4,7894900111002,0,333,1
443,"I9 UVA VERDE 500ML",4,7890000003346,0,334,1
444,"ICE TEA LIMAO PET 450ML",4,7891098040848,0,324,1
445,"ICE TEA PESSEGO 450ML",4,7891098040893,0,323,1
446,"ISQUEIRO BIC",5,70330913431,0,612,1
447,"ISQUEIRO BIC PEQUENO",4,70330913431,0,90744,1
448,"ISQUEIRO TRANSPARENTE",3,6958731901094,0,607,1
449,"JOELHO DE MOCA UND.",5,7890000003896,0,389,1
450,"JOELHO DE MOCA UND. CRU",3,7890000004794,0,479,1
451,"JOELHO DE MOCA UND. CRU 2",3,7890000007542,0,754,1
452,"KAISER LT 473 ML 12 PACK",5,7896045503414,0,664,1
453,"KAPO LARANJA 200 ML",3,7894900563702,0,90833,1
454,"KAPO MAR 200 ML",3,7894900573701,0,495,1
455,"KAPO MOR 200 ML",3,7894900583700,0,342,1
456,"KAPO UVA 200 ML",3,7894900593709,0,343,1
457,"KETCHUP HEMMER TRADICIONAL 320G",10,7891031409404,0,535,1
458,"KIBE MINE",32,7890000001533,1,153,1
459,"KIBE MINE CRU",28,7890000003605,1,360,1
460,"KIBE RECH. CARNE UNIDADE",4,7890000003636,0,363,1
461,"KIBE RECH. CARNE UNIDADE CRU",3,7890000004237,0,423,1
462,"KIBE RECH. CATUPIRY UNIDADE",4,7890000003643,0,364,1
463,"KIBE RECH. CATUPIRY UNIDADE CRU",3,7890000004244,0,424,1
464,"KUAT GUARANA PET 200ML",2,7890000908320,0,90832,1
465,"KUAT LATA 350ML",5,7894900910018,0,640,1
466,"KUAT PET 600 ML",7,7894900911602,0,459,1
467,"LASANHA DE CARNE MARMITA",8,7890000005906,0,590,1
468,"LASANHA DE FRANGO MARMITA",8,7890000005890,0,589,1
469,"LEITE C/ TODDY",2,7890000005852,0,585,1
473,"LEITE L VIDA DESNATADO CAMPONESA 1 LT",7,7890000004398,0,439,1
474,"LEITE L VIDA INTEGRAL C/TAMPA UAI 1LT",6,7898659280620,0,507,1
475,"LEITE L VIDA INTEGRAL CAMPONESA 1 LT",7,7896259412861,0,438,1
476,"LEITE L VIDA INTEGRAL CAMPONESA 12/1 LT",0,7890000005654,0,565,1
477,"LEITE L VIDA INTEGRAL UAI 12/1 LT",6,7890000005289,0,528,1
478,"LEITE PIRACANJUBA DESNATADO CX 1L",7,7898215151722,0,451,1
484,"MACANZINHA UNID.",0,7890000003742,0,374,1
487,"MAIONESE HEMMER TRADICIONAL 290G",11,7891031412022,0,536,1
489,"MAIONESE MARMITA GRANDE",13,7890000005258,0,525,1
495,"MANTEIGA COM SAL CRISTAULAT 200 G",13,7898011150233,0,90803,1
503,"MEIO CENTO DE DOCES",50,7890000005203,0,520,1
504,"MEIO CENTO SALGADOS VARIADOS",45,7890000004039,0,403,1
505,"MEIO CENTO SALGADOS VARIADOS PRECO ANTIGO",35,7890000907477,0,90747,1
507,"MENTOS FRUIT",2,7896262304351,0,32,1
508,"MENTOS FRUTAS STICK 16P",2,7890000006651,0,665,1
509,"MENTOS FRUTAS VERMELHAS",2,7895144603063,0,17,1
510,"MENTOS MINT",2,7896262304306,0,30,1
511,"MENTOS TUTTI FRUTTI",2,7890000000314,0,31,1
512,"MENTOS TUTTI-FRUTTI STICK 16",2,7890000006668,0,666,1
513,"MENTOS YOGURT MORANGO",2,7895144603087,0,90805,1
521,"MINGAU DE MILHO VERDE",4,7890000003186,0,318,1
522,"MINI CHEES CAKE DE MORANGO",8,7890000004572,0,457,1
523,"MINI COPO DA FELICIDADE MORANGO",8,7890000004589,0,458,1
524,"MINI COPO DA FELICIDADE OURO BRANCO",8,7890000004558,0,455,1
525,"MINI MARTA ROCHA",29,7890000004657,0,465,1
526,"MINI PANETONE C/CHOCOLATE UNID.",3,7890000007245,0,724,1
527,"MINI PAO DE CACHORRO QUENTE",0,7890000005869,0,586,1
528,"MINI PAO DE SAL",0,7890000005883,0,588,1
529,"MINI PASTEL FRITO CARNE KG",32,7890000003704,0,370,1
530,"MINI PASTEL FRITO CARNE KG CRU",32,7890000004251,0,425,1
531,"MINI PIZZA BROTINHO",2,7890000908023,0,90802,1
532,"MINI PIZZA BROTINHO BANDENJA C/8 CRU",15,7890000004756,0,475,1
533,"MINI PUDIM",6,7890000004817,0,481,1
534,"MINI SONHO",29,7890000004640,0,464,1
535,"MINI SONHO AMERICANO",29,7890000004664,1,466,1
544,"MISTO COM OVO UND.",4,7890000003926,0,392,1
545,"MISTO COMUM UND.",4,7890000003919,0,391,1
547,"MMS MINI TUBO",5,7890000000567,0,56,1
552,"MONSTER ABSOLUTELY ZERO LATA 473ML",10,70847022305,0,341,1
553,"MONSTER ENERGY LT 473ML",10,70847022015,0,340,1
554,"MONSTER ULTRA ZERO LATA 473ML",10,70847022206,0,90865,1
555,"MOUSSE DE CHOCOLATE",7,7890000003766,0,376,1
556,"MOUSSE DE LIMAO",7,7890000003544,0,354,1
557,"MOUSSE DE MARACUJA",8,7890000003537,0,353,1
559,"NINHO UNID.",0,7890000003094,0,309,1
560,"NUCITA NAPOLITANO 15GR",1,7890000907538,0,90753,1
569,OREGANO,1,7890000001359,0,135,1
572,"OVO DA PASCOA DE COLHER",24,7890000907682,0,90768,1
573,"PACOCA DIET STA. HELENA",1,7896336002725,0,42,1
574,"PACOCA STA. HELENA",0,7896336005917,0,51,1
575,"PALHA ITALIANA UNID.",4,7890000005531,0,553,1
579,"PANETONE C/CHOCOLATE UNID.",10,7890000004435,0,443,1
580,"PANETONE C/FRUTAS CRIST.",10,7890000004428,0,442,1
581,"PAO BATATA RECH. CARNE UNID. PEQUENO",2,7890000005586,0,558,1
582,"PAO BATATA RECH. UNID.",3,7890000003889,0,388,1
583,"PAO CEARENCE COM 10 GOMOS",6,7890000908559,0,90855,1
584,"PAO COM LIGUICA CHEEDAR",5,7890000004442,0,444,1
585,"PAO COM LIGUICA E CATUPIRY",5,7890000004459,0,445,1
586,"PAO DE ALHO BANDEJA",9,7890000006026,0,602,1
587,"PAO DE BATATA COM 12 UNID",6,7890000908573,0,90857,1
588,"PAO DE BATATA RECHEADO COM CARNE",3,7890000908580,0,90858,1
589,"PAO DE BATATA RECHEADO COM FRANGO",3,7890000908542,0,90854,1
590,"PAO DE CACHORRO QUENTE",0,7890000005876,0,587,1
591,"PAO DE DOCE COM MANTEIGA",1,7890000007153,0,715,1
592,"PAO DE FORMA PACOTE TALENTO",7,7898909922010,0,386,1
593,"PAO DE QUEIJO KILO",36,7890000001267,1,126,1
594,"PAO DE QUEIJO KILO CRU",24,7890000004145,1,414,1
595,"PAO DE QUEIJO RECH. CARNE/ALHO PORO UNIDADE",5,7890000003599,0,359,1
596,"PAO DE QUEIJO RECH. COST/BARBECUE UNIDADE",5,7890000003582,0,358,1
597,"PAO DE QUEIJO RECH. FRANGO UNIDADE",5,7890000005036,0,503,1
599,"PAO DE QUEIJO UNIDADE",3,7890000002646,0,264,1
600,"PAO DE QUEIJO UNIDADE CRU",3,7890000004152,0,415,1
601,"PAO DE SAL",16,7890000001250,1,125,1
602,"PAO DE SAL COM MANTEIGA",1,7890000007146,0,714,1
603,"PAO DE SAL COM MORTADELA",2,7890000007160,0,716,1
604,"PAO DE SAL RECH. PRESUNTO",21,7890000003957,1,395,1
605,"PAO DE SAL RECHEADO QUEIJO",21,7890000003933,1,393,1
606,"PAO DOCE",16,7890000001625,1,162,1
607,"PAO INTEGRAL DE BANANA COM AVEIA",10,7898909922119,0,90739,1
608,"PAO SOVADO",9,7890000004466,0,446,1
609,"PASTEL CREME DE MILHO",32,7890000001281,1,128,1
610,"PASTEL CREME DE MILHO KG CRU",28,7890000003681,1,368,1
611,"PASTEL DE CARNE KILO",32,7890000006569,1,656,1
612,"PASTEL DE QUEIJO KILO",32,7890000006576,1,657,1
613,"PASTEL FRITO CARNE UNID.",4,7890000001618,0,161,1
614,"PASTEL FRITO CARNE UNID. CRU",2,7890000004169,0,416,1
615,"PASTEL FRITO CARNE/PIZZA/QUEIJO CRU",22,7890000907637,0,90763,1
616,"PASTEL FRITO QUEIJO UNID.",4,7890000003711,0,371,1
617,"PASTEL FRITO QUEIJO UNID. CRU",3,7890000004183,0,418,1
618,"PASTEL PORTUGUES UNID",2,7890000907699,0,90769,1
619,"PATE DE FRANGO",9,7890000007399,0,739,1
620,"PATE DE PRESUNTO",9,7890000007405,0,740,1
621,"PAVE DE MORANGO",8,7890000003759,0,375,1
622,"PICOLE MAXIMUS CHOC/COOKI",7,7898095317911,0,90798,1
623,"PICOLE TOC BOMBOM BRANCO",5,7898095311544,0,90796,1
624,"PICOLE TOC BRIGADEIRO",5,7898095311568,0,90795,1
625,"PICOLE TOC FRUTY LIMAO",3,7898095311469,0,90791,1
626,"PICOLE TOC FRUTY UVA",3,7898095311483,0,90790,1
627,"PICOLE TOC GIRA G. MORANG",4,7898095313456,0,90794,1
628,"PICOLE TOC KIDS MILK CHOC",2,7898095319090,0,90800,1
629,"PICOLE TOC KIDS MILK MORA",2,7898095319106,0,90799,1
630,"PICOLE TOC MILK COCO",3,7898095311384,0,90793,1
631,"PICOLE TOC MILK LTE COND.",3,7898095311391,0,90792,1
632,"PICOLE TOC TUM TUM",2,7898095319212,0,90801,1
633,"PIPOCA ARITANA BACON",2,7897291110432,0,13,1
634,"PIPOCA ARITANA PRESUNTO",2,7897291110746,0,66,1
635,"PIPOCA ARITANA TRIO MAX",4,7897291111439,0,90742,1
636,"PIPOCA ARITANA XIPAO BACON",4,7897291111477,0,90808,1
637,"PIPOCA FLINCKITOS BACON FD",2,7890000907415,0,90741,1
638,"PIPOCA FLINCKITOS CHURRASCO FD",2,7896286809962,0,90740,1
639,"PIPOCA GOURMET NINHO",5,7890000908092,0,90809,1
640,"PIPOCA GULAO CEBOLA E SALSA",4,7890000000550,0,55,1
641,"PIPOCA GULAO CHURRASCO 120G",4,7896565005603,0,95,1
642,"PIPOCA GULAO PRESUNTO 120G",4,7890000000932,0,93,1
643,"PIPOCA GULAO QUEIJO SUICO 120G",4,7896565005214,0,94,1
644,"PIPOCA GULAO REQUEIJAO 120G",4,7896565005078,0,96,1
645,"PIRULITO DIP LOKO BOOOM BERRIES",2,7890000001007,0,100,1
646,"PIRULITO DIP LOKO BOOOM SALADA DE FRUTA",2,7898934595562,0,60,1
647,"PIRULITO DIP LOKO BOOOM UVA",2,7890000001014,0,101,1
648,"PIRULITO DIPLOKO NEON MONSTER",2,7898963171928,0,62,1
649,"PIRULITO POP MANIA CEREJA",0,7890000000468,0,46,1
650,"PIRULITO POP MANIA FRUTAS TROPIC 600 GR",0,7890000005623,0,562,1
651,"PIRULITO POP MANIA MAXXI ENERGY",1,7890000000611,0,61,1
652,"PIRULITO POP MANIA MAXXI FRAMBOESA",1,7890000000970,0,97,1
653,"PIRULITO POP MANIA MAXXI MORANGO",1,7890000000987,0,98,1
654,"PIRULITO POP MANIA MORANGO",0,7890000000994,0,99,1
655,"PIZZA BROTINHO ASSADA",8,7890000908436,0,90843,1
656,"PIZZA BROTINHO CRUA",7,7890000908443,0,90844,1
657,"PIZZA INTEIRA ASSADA",49,7890000004800,0,480,1
658,"PIZZA INTEIRA CRU",44,7890000004268,0,426,1
659,"PIZZA PEDACO UNID.",7,7890000003124,0,312,1
667,"POTE SORVETE 200 FLOCOS",5,7898095310158,0,90797,1
668,"POWERADE LARANJA PET 500ML 06",6,7890000007412,0,741,1
669,"POWERADE LARANJA PET 500ML 06 1",6,7890000006637,0,663,1
670,"POWERADE LIMAO PET 500ML",6,7894900500035,0,639,1
671,"POWERADE MOUNTAIN BLAST 500 ML",6,7894900504002,0,332,1
672,"POWERADE UVA S.CAP 500 ML",6,7894900501001,0,331,1
675,"PRESTIGIO UNID.",3,7890000003780,0,378,1
676,"PROMOCAO COXINHA DE CATUPIRY + REFRESCO",5,7890000907460,0,90746,1
677,"PUDIM UNIDADE",24,7890000003940,0,394,1
680,QUEBRADOR,39,7890000908511,1,90851,1
699,"REFRESCO COPO 300 ML",1,7890000003872,0,387,1
704,"REFRIG 200ML CACULA GUAR ANTARCTICA PET",0,7890000006941,0,694,1
705,"REFRIG 200ML CACULA GUAR ANTARCTICA PET1",0,7890000006934,0,693,1
707,"ROCAMBOLE FATIA",5,7890000003971,0,397,1
708,"ROSCA COM CREME",7,7890000004633,0,463,1
709,"ROSCA DE FORMA COM GOTAS",12,7890000908498,0,90849,1
710,"ROSCA DE QUEIJO",8,7890000908504,0,90850,1
711,"ROSCA DOCE",7,7890000004480,0,448,1
712,"ROSCA MINERAO",11,7890000908481,0,90848,1
713,"ROSCA PAO DE MILHO",5,7890000004671,0,467,1
714,"ROSQUINHA DA VOVO",3,7890000907613,0,90761,1
715,"ROSQUINHA DE CREME DE LEITE VOVOZINHA",8,7890000006002,0,600,1
716,"ROSQUINHA DE GOIABINHA VOVOZINHA",8,7899563201237,0,598,1
717,"ROSQUINHA DE LIMAO E LARANJA",2,7898571140552,0,90737,1
718,"ROSQUINHA DE NATA VOVOZINHA",8,7890000005999,0,599,1
719,"ROSQUINHA QUEBRA QUEBRA VOVOZINHA",8,7895876326124,0,90738,1
720,"ROSQUINHA TENTACAO TESOURO DE MINAS",9,7898245010532,0,596,1
724,"SACHET MAIONESE BONAPETITE 680/6 GR",0,7890000002141,0,214,1
725,"SACHET MOLHO PIMENTA PREDILECTA 144/3 ML",0,7890000002127,0,212,1
730,"SALGADOS VARIADOS",42,7890000907743,1,90774,1
731,"SALGADOS VARIADOS BANDENJA CRU",16,7890000004770,0,477,1
732,"SALPICAO MARMITA GRANDE",13,7890000907590,0,90759,1
737,SANDUICHE,16,7890000007443,0,744,1
738,"SANDUICHE NATURAL",7,7890000004008,0,400,1
745,"SCHW CITRUS ORIGINAL LT 350ML 6U FI",5,7894900180503,0,322,1
746,"SCHW TONICA LT 350ML",5,7894900300017,0,321,1
747,"SEQ. PALITO COB.CHOC. G.ADORADOS",39,7890000005029,1,502,1
748,"SEQ. PALITO COB.CHOC. G.ADORADOS 4KG",0,7890000004978,0,497,1
749,"SEQ.CHOCONATA RECHEADO DMARIA",39,7890000005005,0,500,1
750,"SEQ.CHOCONATA RECHEADO DMARIA 4KG",0,7890000004992,0,499,1
751,"SEQ.ROSCA NATA DMARIA",39,7890000005012,0,501,1
752,"SEQ.ROSCA NATA DMARIA 3KG",0,7890000004985,0,498,1
753,"SPRITE FRESH LIMAO 510ML",5,7894900680508,0,462,1
754,"SPRITE ORIGINAL 600ML",7,7894900681246,0,339,1
755,"SPRITE ORIGINAL LT350ML",5,7894900681017,0,320,1
756,"SPRITE ORIGINAL PET 2L",12,7894900681000,0,575,1
757,"SUCO CONCENTRADO SABORES VARIADOS",10,7890000908269,0,90826,1
758,"SUCO FRESH ABACAXI",2,7622210570031,0,90820,1
759,"SUCO FRESH GUARANA",2,7622210569882,0,90821,1
760,"SUCO FRESH LARANJA",2,7622210569790,0,90735,1
761,"SUCO FRESH MANGA",2,7622210570000,0,90822,1
762,"SUCO FRESH UVA",2,7622210569943,0,90736,1
763,"SUCO NATURAL DE ABACAXI",5,7890000004084,0,408,1
764,"SUCO NATURAL DE LARANJA",5,7890000004091,0,409,1
765,"SUCO NATURAL DE LARANJA 1 LT",22,7890000908238,0,90823,1
766,"SUCO NATURAL DE MARACUJA",5,7890000004077,0,407,1
767,"SUCO NATURAL DE MORANGO",5,7890000004060,0,406,1
768,"SUCO TIAL 1L MARACUJA",8,7890000006958,0,695,1
769,"SUCO TIAL GOIABA 1L",8,7896005302019,0,90831,1
770,"SUCO TIAL GOIABA 330 ML",3,7896005310120,0,90755,1
771,"SUCO TIAL LARANJA 330 ML",3,7896005310649,0,90754,1
772,"SUCO TIAL NECTAR 1 LT LARANJA",8,7896005302064,0,649,1
773,"SUCO TIAL NECTAR 1 LT UVA",8,7896005302088,0,648,1
774,"SUCO TIAL UVA 330 ML",3,7896005310090,0,90756,1
775,SUSPIRO,42,7890000005944,0,594,1
778,"TAXA DE ENTREGA",10,7890000004848,0,484,1
779,"TAXA DE ENTREGA R 5,00",5,7890000006736,0,673,1
783,"TODDY ORIGINAL 200G UN",8,7894321711171,0,532,1
784,"TODDYNHO LEVINHO 200ML",2,7890000005340,0,534,1
785,"TODDYNHO TRADICIONAL 200ML",2,7890000005333,0,533,1
786,"TORRADA KG",24,7890000004053,1,405,1
787,"TORTA DE FRANGO - TABULEIRO",149,7890000908276,0,90827,1
788,"TORTA DE FRANGO PAO DE FORMA",6,7890000005784,0,578,1
789,"TORTA DE FRANGO PDC",7,7890000004473,0,447,1
790,"TORTA DE PAO DE FORMA PEDACO",5,7890000005234,0,523,1
791,"TORTA SALSICHA PEDACO",6,7890000004886,0,488,1
792,"TORTA SONHO DE VALSA",8,7890000003773,0,377,1
793,"TORTINHA DE LIMAO C/ CHANTININHO",7,7890000004541,0,454,1
794,"TORTINHA DE LIMAO C/ CHOCOLATE",7,7890000004534,0,453,1
795,"TORTUGUITA BAUNILHA",1,7898142865044,0,22,1
796,"TORTUGUITA BRIGADEIRO",1,7898142865082,0,21,1
797,"TORTUGUITA CHOCROCANTE",1,7898142865105,0,9,1
798,"TRIDENT CANELA",2,7895800304235,0,16,1
799,"TRIDENT FRESH HERBAL",2,7622210564313,0,29,1
800,"TRIDENT FRESH INTENSE",2,7622210564290,0,28,1
801,"TRIDENT HORTELA",2,7895800304211,0,26,1
802,"TRIDENT MELANCIA",2,7895800309780,0,25,1
803,"TRIDENT MENTA",2,7895800304228,0,27,1
804,"TRIDENT MORANGO",2,7895800201503,0,23,1
805,"TRIDENT TUTTI-FRUTTI",2,7895800430002,0,24,1
808,TRONCO,7,7890000908528,0,90852,1
809,"TRUFA DE LIMAO",2,7890000907606,0,90760,1
810,TRUFAS,2,7890000908665,0,90866,1
813,"WAFER AYMORE 105GR CHOCOLATE",4,7896058200300,0,545,1
814,"WAFER AYMORE 105GR MORANGO",4,7896058200317,0,544,1
815,XCAKE,7,7890000907507,0,90750,1
